[
  {
    "type": "Annotation",
    "body": [
      {
        "type": "TextualBody",
        "value": "This map of the Inca Empire, in Quechua known as Tahuantinsuyu, was produced by Clements Markham, a nineteenth century British geographer, in 1873.",
        "purpose": "commenting"
      }
    ],
    "target": {
      "source": "https://raw.githubusercontent.com/mturetsky98/quinoa/main/IncaMap2.jpg",
      "selector": {
        "type": "FragmentSelector",
        "conformsTo": "http://www.w3.org/TR/media-frags/",
        "value": "xywh=pixel:185.43276977539062,1107.7982177734375,447.6574401855469,485.140625"
      }
    },
    "@context": "http://www.w3.org/ns/anno.jsonld",
    "id": "#ddffad39-dee5-4813-a79c-64dcb774492f"
  },
  {
    "type": "Annotation",
    "body": [
      {
        "type": "TextualBody",
        "value": "While the heart of the Inca empire was Cusco and the surrounding inter-Andean valleys, the Inca empire extended farther north and south than Markham's map shows.",
        "purpose": "commenting"
      }
    ],
    "target": {
      "source": "https://4x4rr42s5yd4hr7mdrjqp3euqm0hnpoe.lambda-url.us-east-1.on.aws/iiif/2/b86d725660e8b2b3769818eaef2d5fb7ec70ef4c8a419f278a3f07411203dfca",
      "selector": {
        "type": "FragmentSelector",
        "conformsTo": "http://www.w3.org/TR/media-frags/",
        "value": "xywh=pixel:632.4742431640625,1764.8851318359375,604.26318359375,358.4610595703125"
      }
    },
    "@context": "http://www.w3.org/ns/anno.jsonld",
    "id": "#f87e9019-0e14-493b-b5c4-dfb16daf767a"
  }
]