{
  "type": "FeatureCollection",
  "features": [
    {
      "type": "Feature",
      "properties": {
        "featurecla": "Lake",
        "scalerank": 1,
        "name": "Lago Titicaca",
        "name_abb": "L. Titicaca",
        "name_alt": "null",
        "note": "null",
        "delta": "null",
        "dam_name": "null",
        "year": -99,
        "admin": "admin-0 more",
        "min_zoom": 1.7,
        "min_label": 3.6,
        "stroke": "#555555",
        "stroke-width": 2,
        "stroke-opacity": 1,
        "fill": "#26cf67",
        "fill-opacity": 0.5
      },
      "geometry": {
        "type": "Polygon",
        "coordinates": [
          [
            [
              -69.2946361534903,
              -16.265270430715475
            ],
            [
              -69.32554438683913,
              -16.253790229757357
            ],
            [
              -69.35085970177245,
              -16.248786039596098
            ],
            [
              -69.37205391892593,
              -16.238483295146494
            ],
            [
              -69.39030449480809,
              -16.210518703069
            ],
            [
              -69.38117920686702,
              -16.20639760528914
            ],
            [
              -69.37720529115073,
              -16.200215958619367
            ],
            [
              -69.37808838353213,
              -16.19226812718682
            ],
            [
              -69.3833869378205,
              -16.183437203372876
            ],
            [
              -69.3954558670329,
              -16.195211768458137
            ],
            [
              -69.40428679084684,
              -16.192562491313964
            ],
            [
              -69.41297053259723,
              -16.185203388135676
            ],
            [
              -69.42445073355536,
              -16.183437203372876
            ],
            [
              -69.46963562707008,
              -16.21405107259457
            ],
            [
              -69.47611163786698,
              -16.214934164975972
            ],
            [
              -69.48597283612588,
              -16.211990523704657
            ],
            [
              -69.49598121644836,
              -16.206691969416283
            ],
            [
              -69.50348750169022,
              -16.20051032274651
            ],
            [
              -69.51099378693208,
              -16.190207578296906
            ],
            [
              -69.51099378693208,
              -16.183437203372876
            ],
            [
              -69.48832774914294,
              -16.15458951891398
            ],
            [
              -69.42209582053832,
              -16.089535046817872
            ],
            [
              -69.41591417386854,
              -16.07511120458841
            ],
            [
              -69.42032963577552,
              -16.060687362358976
            ],
            [
              -69.43180983673366,
              -16.03919878107837
            ],
            [
              -69.43475347800498,
              -16.027718580120222
            ],
            [
              -69.43372320356,
              -16.01918202043339
            ],
            [
              -69.43519502419568,
              -16.01241164550936
            ],
            [
              -69.44549776864528,
              -16.00505254233107
            ],
            [
              -69.45462305658636,
              -16.004463814076814
            ],
            [
              -69.49009393390573,
              -16.011528553127988
            ],
            [
              -69.51025787661425,
              -16.007996183602387
            ],
            [
              -69.54337384091656,
              -15.991217428355895
            ],
            [
              -69.56147723473516,
              -15.984741417559007
            ],
            [
              -69.64669564953978,
              -15.980914683906292
            ],
            [
              -69.68481580400332,
              -15.96914011882103
            ],
            [
              -69.69865091797851,
              -15.936171336582277
            ],
            [
              -69.70012273861417,
              -15.936465700709391
            ],
            [
              -69.70321356194906,
              -15.936171336582277
            ],
            [
              -69.70586283909324,
              -15.934110787692362
            ],
            [
              -69.70615720322037,
              -15.929400961658246
            ],
            [
              -69.70336074401263,
              -15.926162956259788
            ],
            [
              -69.69850373591495,
              -15.924102407369872
            ],
            [
              -69.69188054305448,
              -15.922630586734215
            ],
            [
              -69.689672812101,
              -15.920864401971414
            ],
            [
              -69.68569889638472,
              -15.919981309590042
            ],
            [
              -69.68157779860488,
              -15.916743304191584
            ],
            [
              -69.67878133939713,
              -15.909089836886153
            ],
            [
              -69.6957072767072,
              -15.894371630529577
            ],
            [
              -69.70718747766533,
              -15.889367440368346
            ],
            [
              -69.72205286608548,
              -15.9196869454629
            ],
            [
              -69.74339426530253,
              -15.914388391174526
            ],
            [
              -69.76473566451958,
              -15.892605445766776
            ],
            [
              -69.77444968071492,
              -15.864346489562138
            ],
            [
              -69.77592150135058,
              -15.85198319622262
            ],
            [
              -69.78004259913043,
              -15.837264989866043
            ],
            [
              -69.78548833548236,
              -15.824901696526496
            ],
            [
              -69.79152280008856,
              -15.819603142238122
            ],
            [
              -69.80359172930096,
              -15.814893316204035
            ],
            [
              -69.80918464771646,
              -15.793110370796285
            ],
            [
              -69.82213666931025,
              -15.785456903490854
            ],
            [
              -69.8425949761459,
              -15.790461093652084
            ],
            [
              -69.85731318250248,
              -15.81018349016992
            ],
            [
              -69.87688839695674,
              -15.861108484163708
            ],
            [
              -69.86187582647302,
              -15.873177413376084
            ],
            [
              -69.82508031058157,
              -15.883480157825716
            ],
            [
              -69.80859591946219,
              -15.895254722910977
            ],
            [
              -69.79844035707615,
              -15.912033478157468
            ],
            [
              -69.80403327549165,
              -15.917332032445842
            ],
            [
              -69.83891542455676,
              -15.915271483555927
            ],
            [
              -69.86570256012574,
              -15.92645732038693
            ],
            [
              -69.88277567949937,
              -15.927046048641188
            ],
            [
              -69.8904291468048,
              -15.912033478157468
            ],
            [
              -69.89293124188542,
              -15.892899809893919
            ],
            [
              -69.90043752712728,
              -15.879064695918714
            ],
            [
              -69.91338954872107,
              -15.87376614163037
            ],
            [
              -69.93208167079393,
              -15.881125244808658
            ],
            [
              -69.95298152382028,
              -15.86375776130788
            ],
            [
              -70.01479799051793,
              -15.855515565748192
            ],
            [
              -70.02760283004815,
              -15.840502995264472
            ],
            [
              -70.00994098242026,
              -15.810477854297062
            ],
            [
              -70.00493679225902,
              -15.793110370796285
            ],
            [
              -70.01774163178925,
              -15.785456903490854
            ],
            [
              -70.02966337893808,
              -15.78015834920248
            ],
            [
              -70.03672811798924,
              -15.767206327608704
            ],
            [
              -70.04040766957839,
              -15.750721936489327
            ],
            [
              -70.04129076195979,
              -15.734531909497065
            ],
            [
              -70.03996612338769,
              -15.716870061869173
            ],
            [
              -70.03466756909931,
              -15.705978589165312
            ],
            [
              -70.02451200671328,
              -15.699796942495539
            ],
            [
              -70.00773325146677,
              -15.697147665351366
            ],
            [
              -69.9968417787629,
              -15.700091306622681
            ],
            [
              -69.99021858590244,
              -15.705978589165312
            ],
            [
              -69.98359539304197,
              -15.708922230436627
            ],
            [
              -69.97299828446523,
              -15.703623676148254
            ],
            [
              -69.97020182525748,
              -15.697147665351366
            ],
            [
              -69.96681663779546,
              -15.666239432002527
            ],
            [
              -69.96225399382493,
              -15.658291600569981
            ],
            [
              -69.94002950222648,
              -15.635036834526574
            ],
            [
              -69.93208167079393,
              -15.621496084678512
            ],
            [
              -69.92869648333192,
              -15.600301867525047
            ],
            [
              -69.93428940174742,
              -15.590293487202558
            ],
            [
              -69.94209005111641,
              -15.58205129164287
            ],
            [
              -69.9451808744513,
              -15.56703872115915
            ],
            [
              -69.93885204571797,
              -15.56703872115915
            ],
            [
              -69.92707748063269,
              -15.57704710148164
            ],
            [
              -69.91103463570401,
              -15.587644210058386
            ],
            [
              -69.89661079347457,
              -15.600596231652162
            ],
            [
              -69.8904291468048,
              -15.618258079280082
            ],
            [
              -69.88527777457999,
              -15.62385099769557
            ],
            [
              -69.87379757362186,
              -15.6306213726196
            ],
            [
              -69.86217019060015,
              -15.63974666056069
            ],
            [
              -69.85701881837535,
              -15.65240431802735
            ],
            [
              -69.85849063901101,
              -15.658291600569981
            ],
            [
              -69.86143428028232,
              -15.663590154858355
            ],
            [
              -69.86364201123581,
              -15.669183073273842
            ],
            [
              -69.86320046504513,
              -15.676247812325016
            ],
            [
              -69.85996245964667,
              -15.681840730740504
            ],
            [
              -69.85127871789629,
              -15.690377290427335
            ],
            [
              -69.84951253313349,
              -15.693615295825765
            ],
            [
              -69.84068160931955,
              -15.703329312021111
            ],
            [
              -69.8197817562932,
              -15.716575697742059
            ],
            [
              -69.79490798755057,
              -15.728055898700177
            ],
            [
              -69.77444968071492,
              -15.731293904098635
            ],
            [
              -69.75619910483276,
              -15.72246298028469
            ],
            [
              -69.79137561802499,
              -15.69067165455445
            ],
            [
              -69.79490798755057,
              -15.669477437400985
            ],
            [
              -69.78769606643584,
              -15.673009806926558
            ],
            [
              -69.77812923230407,
              -15.673892899307958
            ],
            [
              -69.77180040357074,
              -15.6706548939095
            ],
            [
              -69.77444968071492,
              -15.663001426604069
            ],
            [
              -69.78063132738468,
              -15.660352149459897
            ],
            [
              -69.80859591946219,
              -15.65240431802735
            ],
            [
              -69.81315856343274,
              -15.640924117069204
            ],
            [
              -69.94974351842183,
              -15.410437005525097
            ],
            [
              -69.95121533905748,
              -15.395130070914263
            ],
            [
              -69.94194286905284,
              -15.377468223286371
            ],
            [
              -69.93428940174742,
              -15.373641489633656
            ],
            [
              -69.92295638285285,
              -15.372758397252255
            ],
            [
              -69.90102625538154,
              -15.37393585376077
            ],
            [
              -69.89028196474123,
              -15.370109120108083
            ],
            [
              -69.87335602743116,
              -15.352152908353048
            ],
            [
              -69.86320046504513,
              -15.34714871819179
            ],
            [
              -69.85392799504046,
              -15.348326174700333
            ],
            [
              -69.84612734567148,
              -15.353330364861563
            ],
            [
              -69.83979851693815,
              -15.358628919149936
            ],
            [
              -69.83523587296762,
              -15.360983832166994
            ],
            [
              -69.8253746747087,
              -15.357451462641421
            ],
            [
              -69.8141888378777,
              -15.350092359463105
            ],
            [
              -69.80786000914436,
              -15.34302762041196
            ],
            [
              -69.81227547105134,
              -15.339789615013501
            ],
            [
              -69.82905422629784,
              -15.337434701996443
            ],
            [
              -69.8783602175924,
              -15.32212776738561
            ],
            [
              -69.8904291468048,
              -15.31300247944452
            ],
            [
              -69.88542495664356,
              -15.301816642613517
            ],
            [
              -69.86688001663427,
              -15.295634995943772
            ],
            [
              -69.82566903883583,
              -15.291808262291056
            ],
            [
              -69.8155134764498,
              -15.293868811180971
            ],
            [
              -69.80800719120793,
              -15.298284273087944
            ],
            [
              -69.80182554453816,
              -15.303288463249174
            ],
            [
              -69.79490798755057,
              -15.30623210452049
            ],
            [
              -69.78592988167306,
              -15.30711519690189
            ],
            [
              -69.7607617488033,
              -15.299461729596459
            ],
            [
              -69.75207800705292,
              -15.297989908960801
            ],
            [
              -69.72970633339091,
              -15.299461729596459
            ],
            [
              -69.71866767862348,
              -15.296223724198029
            ],
            [
              -69.7124860319537,
              -15.288570256892598
            ],
            [
              -69.71160293957232,
              -15.28121115371431
            ],
            [
              -69.71601840147929,
              -15.277678784188737
            ],
            [
              -69.73397461323431,
              -15.274440778790279
            ],
            [
              -69.74707381689167,
              -15.265609854976333
            ],
            [
              -69.75060618641726,
              -15.255012746399586
            ],
            [
              -69.74030344196764,
              -15.244121273695725
            ],
            [
              -69.72102259164052,
              -15.240000175915867
            ],
            [
              -69.70659874941107,
              -15.246770550839898
            ],
            [
              -69.68201934479558,
              -15.274440778790279
            ],
            [
              -69.65758712224365,
              -15.295929360070886
            ],
            [
              -69.65096392938318,
              -15.30623210452049
            ],
            [
              -69.6487561984297,
              -15.315063028334436
            ],
            [
              -69.64595973922195,
              -15.339495250886387
            ],
            [
              -69.64345764414132,
              -15.34714871819179
            ],
            [
              -69.63050562254753,
              -15.35391909311582
            ],
            [
              -69.61151913634754,
              -15.355390913751478
            ],
            [
              -69.5785503541088,
              -15.35391909311582
            ],
            [
              -69.56721733521422,
              -15.358040190895679
            ],
            [
              -69.55043857996772,
              -15.368342935345282
            ],
            [
              -69.53307109646695,
              -15.381883685193344
            ],
            [
              -69.52247398789021,
              -15.393069522024348
            ],
            [
              -69.47213772215069,
              -15.431042494424332
            ],
            [
              -69.45285687182357,
              -15.45341416808634
            ],
            [
              -69.44549776864528,
              -15.487560406833609
            ],
            [
              -69.43916893991195,
              -15.496391330647555
            ],
            [
              -69.42415636942823,
              -15.48932659159641
            ],
            [
              -69.40605297560964,
              -15.476668934129748
            ],
            [
              -69.39030449480809,
              -15.470192923332831
            ],
            [
              -69.36984618797244,
              -15.476080205875462
            ],
            [
              -69.36440045162051,
              -15.488149135087866
            ],
            [
              -69.37190673686236,
              -15.496391330647555
            ],
            [
              -69.39030449480809,
              -15.491092776359181
            ],
            [
              -69.38059047861275,
              -15.511698265258417
            ],
            [
              -69.33834922636935,
              -15.540840313844427
            ],
            [
              -69.32598593302983,
              -15.56026834623512
            ],
            [
              -69.3192155581058,
              -15.563506351633578
            ],
            [
              -69.31126772667324,
              -15.565861264650636
            ],
            [
              -69.29360587904534,
              -15.56880490592195
            ],
            [
              -69.29125096602829,
              -15.573220367828924
            ],
            [
              -69.29316433285464,
              -15.577635829735897
            ],
            [
              -69.2946361534903,
              -15.579990742752955
            ],
            [
              -69.29625515618952,
              -15.591470943711073
            ],
            [
              -69.30037625396936,
              -15.607366606576193
            ],
            [
              -69.3006706180965,
              -15.621496084678512
            ],
            [
              -69.29125096602829,
              -15.627677731348285
            ],
            [
              -69.28403904491356,
              -15.634153742145173
            ],
            [
              -69.27035111300194,
              -15.669477437400985
            ],
            [
              -69.23355559711048,
              -15.670949258036643
            ],
            [
              -69.20573818709653,
              -15.667711252638185
            ],
            [
              -69.16805957882369,
              -15.669477437400985
            ],
            [
              -69.15746247024694,
              -15.675070355816473
            ],
            [
              -69.15760965231051,
              -15.686256192647477
            ],
            [
              -69.16732366850586,
              -15.69420402408005
            ],
            [
              -69.18542706232445,
              -15.689788562173078
            ],
            [
              -69.19160870899421,
              -15.703623676148254
            ],
            [
              -69.18012850803608,
              -15.7124545999622
            ],
            [
              -69.16393848104384,
              -15.718930610759088
            ],
            [
              -69.14524635897098,
              -15.722757344411804
            ],
            [
              -69.12640705483454,
              -15.723934800920347
            ],
            [
              -69.10374101704541,
              -15.728644626954434
            ],
            [
              -69.09005308513379,
              -15.741302284421096
            ],
            [
              -69.07842570211209,
              -15.758669767921873
            ],
            [
              -69.06194131099271,
              -15.778686528566823
            ],
            [
              -69.03073871351675,
              -15.80017510984743
            ],
            [
              -69.01837542017722,
              -15.81430458794975
            ],
            [
              -69.01351841207955,
              -15.8369706257389
            ],
            [
              -69.01248813763459,
              -15.846979006061389
            ],
            [
              -69.00763112953692,
              -15.866701402579196
            ],
            [
              -69.00660085509196,
              -15.8778872394102
            ],
            [
              -69.00925013223615,
              -15.889073076241203
            ],
            [
              -69.01970005874932,
              -15.914388391174526
            ],
            [
              -69.02028878700358,
              -15.922630586734215
            ],
            [
              -69.00718958334622,
              -15.929989689912503
            ],
            [
              -68.95994414094159,
              -15.932638967056704
            ],
            [
              -68.93183236680052,
              -15.943824803887708
            ],
            [
              -68.92447326362223,
              -15.93970370610785
            ],
            [
              -68.91711416044393,
              -15.932933331183818
            ],
            [
              -68.90754732631216,
              -15.929400961658246
            ],
            [
              -68.89415375852766,
              -15.931167146421046
            ],
            [
              -68.86324552517884,
              -15.942941711506307
            ],
            [
              -68.79716077863777,
              -15.946768445159023
            ],
            [
              -68.78685803418817,
              -15.953538820083054
            ],
            [
              -68.78376721085328,
              -15.959131738498542
            ],
            [
              -68.77699683592925,
              -15.967079569931087
            ],
            [
              -68.77007927894167,
              -15.976793586126433
            ],
            [
              -68.76698845560678,
              -15.987685058830323
            ],
            [
              -68.77228700989515,
              -15.995044162008611
            ],
            [
              -68.78450312117111,
              -16.00004835216984
            ],
            [
              -68.8086409795959,
              -16.00505254233107
            ],
            [
              -68.82159300118971,
              -16.01329473789076
            ],
            [
              -68.8349865689742,
              -16.026541123611707
            ],
            [
              -68.84543649548738,
              -16.042142422349684
            ],
            [
              -68.84955759326722,
              -16.056566264579118
            ],
            [
              -68.85721106057264,
              -16.05921554172332
            ],
            [
              -68.8953312150362,
              -16.061276090613234
            ],
            [
              -68.91093251377417,
              -16.066574644901607
            ],
            [
              -68.86545325613233,
              -16.15458951891398
            ],
            [
              -68.8526484166021,
              -16.173134458923272
            ],
            [
              -68.84941041120365,
              -16.181671018610075
            ],
            [
              -68.85147096009356,
              -16.201687779255025
            ],
            [
              -68.84955759326722,
              -16.210518703069
            ],
            [
              -68.83748866405482,
              -16.219938355137202
            ],
            [
              -68.82718591960521,
              -16.210224338941856
            ],
            [
              -68.81600008277421,
              -16.194034311949622
            ],
            [
              -68.80113469435406,
              -16.183437203372876
            ],
            [
              -68.78317848259903,
              -16.184909024008533
            ],
            [
              -68.73225348860524,
              -16.210518703069
            ],
            [
              -68.71326700240525,
              -16.215228529103086
            ],
            [
              -68.69442769826883,
              -16.217583442120144
            ],
            [
              -68.66410819317426,
              -16.217583442120144
            ],
            [
              -68.63658514728745,
              -16.21140179545037
            ],
            [
              -68.62642958490142,
              -16.210518703069
            ],
            [
              -68.61759866108746,
              -16.21287361608603
            ],
            [
              -68.61244728886265,
              -16.218466534501545
            ],
            [
              -68.60847337314638,
              -16.225236909425576
            ],
            [
              -68.60258609060375,
              -16.231124191968206
            ],
            [
              -68.58021441694174,
              -16.242604392926353
            ],
            [
              -68.57668204741616,
              -16.25320150150307
            ],
            [
              -68.58212778376809,
              -16.272629533893763
            ],
            [
              -68.58904534075569,
              -16.28146045770771
            ],
            [
              -68.59581571567972,
              -16.282049185961995
            ],
            [
              -68.6006727237774,
              -16.283815370724767
            ],
            [
              -68.60258609060375,
              -16.29647302819143
            ],
            [
              -68.60052554171382,
              -16.305303952005374
            ],
            [
              -68.59537416948902,
              -16.31325178343795
            ],
            [
              -68.58212778376809,
              -16.326498169158867
            ],
            [
              -68.62569367458359,
              -16.331502359320098
            ],
            [
              -68.6389400603045,
              -16.33003053868444
            ],
            [
              -68.67720739683162,
              -16.31089687042089
            ],
            [
              -68.69177842112464,
              -16.312074326929405
            ],
            [
              -68.73225348860524,
              -16.326498169158867
            ],
            [
              -68.73225348860524,
              -16.333562908210013
            ],
            [
              -68.71238391002386,
              -16.347692386312332
            ],
            [
              -68.70414171446417,
              -16.33915582662553
            ],
            [
              -68.69560515477735,
              -16.33680091360847
            ],
            [
              -68.68677423096341,
              -16.339744554879786
            ],
            [
              -68.67823767127658,
              -16.347692386312332
            ],
            [
              -68.68412495381922,
              -16.350636027583676
            ],
            [
              -68.6988431601758,
              -16.360644407906136
            ],
            [
              -68.71989019526572,
              -16.365648598067366
            ],
            [
              -68.72607184193548,
              -16.368297875211567
            ],
            [
              -68.73784640702074,
              -16.38183862505963
            ],
            [
              -68.74932660797889,
              -16.399794836814664
            ],
            [
              -68.76375045020833,
              -16.415984863806898
            ],
            [
              -68.78376721085328,
              -16.42275523873093
            ],
            [
              -68.80039878403623,
              -16.420694689840985
            ],
            [
              -68.8332203842114,
              -16.410391945391382
            ],
            [
              -68.8526484166021,
              -16.408037032374324
            ],
            [
              -68.88826647598503,
              -16.413335586662697
            ],
            [
              -68.92462044568579,
              -16.42275523873093
            ],
            [
              -68.95670613554314,
              -16.443360727630136
            ],
            [
              -68.94198792918655,
              -16.458373298113855
            ],
            [
              -68.90416213885014,
              -16.467498586054944
            ],
            [
              -68.86677789470441,
              -16.470736591453374
            ],
            [
              -68.85632796819124,
              -16.48957589558981
            ],
            [
              -68.8535315089835,
              -16.53166996576965
            ],
            [
              -68.85632796819124,
              -16.57582458483938
            ],
            [
              -68.86324552517884,
              -16.601139899772704
            ],
            [
              -68.89238757376488,
              -16.590248427068843
            ],
            [
              -68.96023850506872,
              -16.584361144526213
            ],
            [
              -68.98952773571833,
              -16.56993730229675
            ],
            [
              -69.00571776271056,
              -16.559634557847147
            ],
            [
              -69.03324080859738,
              -16.553452911177374
            ],
            [
              -69.04766465082683,
              -16.54638817212623
            ],
            [
              -69.09594036767642,
              -16.49458008575104
            ],
            [
              -69.0938798187865,
              -16.474268960978975
            ],
            [
              -69.08799253624387,
              -16.46220003176657
            ],
            [
              -69.05222729479738,
              -16.425110151747987
            ],
            [
              -69.04324918891986,
              -16.412158130154182
            ],
            [
              -69.03750908844079,
              -16.398323016179006
            ],
            [
              -69.03397671891521,
              -16.381249896805343
            ],
            [
              -69.03103307764388,
              -16.341510739642587
            ],
            [
              -69.03647881399583,
              -16.312663055183663
            ],
            [
              -69.05266884098806,
              -16.289702653267398
            ],
            [
              -69.08239961782837,
              -16.265270430715475
            ],
            [
              -69.07091941687023,
              -16.256733871028672
            ],
            [
              -69.05840894146714,
              -16.257616963410044
            ],
            [
              -69.0460456481276,
              -16.263798610079817
            ],
            [
              -69.03397671891521,
              -16.272629533893763
            ],
            [
              -69.02426270271987,
              -16.264681702461218
            ],
            [
              -69.01499023271522,
              -16.26056060468136
            ],
            [
              -69.00645367302839,
              -16.262621153571303
            ],
            [
              -68.99983048016793,
              -16.272629533893763
            ],
            [
              -68.98717282270127,
              -16.26144369706276
            ],
            [
              -68.9740736190439,
              -16.243781849434868
            ],
            [
              -68.9637708745943,
              -16.22553127355269
            ],
            [
              -68.95950259475089,
              -16.21405107259457
            ],
            [
              -68.95008294268268,
              -16.20904688243334
            ],
            [
              -68.92903590759276,
              -16.22317636053566
            ],
            [
              -68.8917988455106,
              -16.257028235155786
            ],
            [
              -68.88885520423929,
              -16.261738061189902
            ],
            [
              -68.88326228582379,
              -16.264681702461218
            ],
            [
              -68.87016308216643,
              -16.265270430715475
            ],
            [
              -68.85883006327187,
              -16.261738061189902
            ],
            [
              -68.84867450088582,
              -16.25467332213873
            ],
            [
              -68.84308158247032,
              -16.247902947214698
            ],
            [
              -68.84587804167806,
              -16.244664941816268
            ],
            [
              -68.86089061216178,
              -16.23642274625658
            ],
            [
              -68.92462044568579,
              -16.183437203372876
            ],
            [
              -68.96097441538656,
              -16.174017551304672
            ],
            [
              -68.97863626301445,
              -16.16636408399924
            ],
            [
              -68.98614254825631,
              -16.152528970024036
            ],
            [
              -68.99497347207026,
              -16.13045166048917
            ],
            [
              -69.01616768922374,
              -16.111612356352737
            ],
            [
              -69.06194131099271,
              -16.087180133800814
            ],
            [
              -69.09594036767642,
              -16.073345019825638
            ],
            [
              -69.11875358752913,
              -16.05597753632486
            ],
            [
              -69.11963667991053,
              -16.053033895053545
            ],
            [
              -69.1395062584919,
              -16.06098172648609
            ],
            [
              -69.12699578308882,
              -16.07923230236827
            ],
            [
              -69.08858126449813,
              -16.108079986827164
            ],
            [
              -69.08239961782837,
              -16.121326372548083
            ],
            [
              -69.08858126449813,
              -16.132512209379087
            ],
            [
              -69.08975872100666,
              -16.144286774464348
            ],
            [
              -69.09240799815085,
              -16.156650067803895
            ],
            [
              -69.10285792466402,
              -16.1696020893977
            ],
            [
              -69.13126406293222,
              -16.186675208771334
            ],
            [
              -69.13450206833068,
              -16.19373994782248
            ],
            [
              -69.11271912292293,
              -16.196977953220937
            ],
            [
              -69.10065019371054,
              -16.203453964017825
            ],
            [
              -69.10344665291828,
              -16.2181721703744
            ],
            [
              -69.1133078511772,
              -16.23465656149378
            ],
            [
              -69.1227275032454,
              -16.244664941816268
            ],
            [
              -69.13656261722059,
              -16.252024044994556
            ],
            [
              -69.1533413724671,
              -16.25643950690153
            ],
            [
              -69.25018717029342,
              -16.265270430715475
            ],
            [
              -69.25298362950117,
              -16.268508436113933
            ],
            [
              -69.25578008870892,
              -16.27586753929222
            ],
            [
              -69.26004836855233,
              -16.28322664247051
            ],
            [
              -69.26726028966705,
              -16.286464647868968
            ],
            [
              -69.2787404906252,
              -16.283815370724767
            ],
            [
              -69.28477495523138,
              -16.277633724055022
            ],
            [
              -69.28889605301123,
              -16.27086334913099
            ],
            [
              -69.2946361534903,
              -16.265270430715475
            ]
          ]
        ]
      },
      "id": 0
    }
  ]
}
